{"w_i1_h1": 0.02293682363557411, "w_i1_h2": -0.08396411602498884, "w_i1_h3": -0.03527286940154191, "w_i1_h4": -0.5046788427286886, "w_i1_h5": -0.2820249992917914, "w_i1_h6": 0.4533313838969222, "w_i1_h7": 0.03146858195678325, "w_i1_h8": -0.286439498246916, "w_i2_h1": -0.010594171481742779, "w_i2_h2": 0.021618513321614543, "w_i2_h3": -0.07438300974746333, "w_i2_h4": 1.2450008862711817, "w_i2_h5": -0.02343402246118221, "w_i2_h6": 0.2082135370435494, "w_i2_h7": 0.2724957038554518, "w_i2_h8": -0.00533707575182336, "w_i3_h1": 0.010154895721974129, "w_i3_h2": 0.019977631626645585, "w_i3_h3": -0.011775695522047394, "w_i3_h4": 0.2932525409295437, "w_i3_h5": 0.03661466945054494, "w_i3_h6": 0.25717856120307064, "w_i3_h7": 0.532008998045706, "w_i3_h8": -0.07616191103250355, "w_i4_h1": -0.18279328423377494, "w_i4_h2": -0.16622140662465432, "w_i4_h3": -0.9720144916343845, "w_i4_h4": -0.24325589941000653, "w_i4_h5": 0.07506648946953703, "w_i4_h6": -0.33462564483798435, "w_i4_h7": 0.024038515419484752, "w_i4_h8": -0.3084875439676554, "w_i5_h1": -0.030470710475417214, "w_i5_h2": 0.0404475992182803, "w_i5_h3": -0.07465038859010147, "w_i5_h4": 0.04565837436480372, "w_i5_h5": -0.0920774246867043, "w_i5_h6": -0.05952609240002277, "w_i5_h7": 0.009634692682696726, "w_i5_h8": -0.08685032589373055, "w_h1_o1": -0.001414179365699636, "w_h2_o1": -0.0766831320467601, "w_h3_o1": 0.03777534099644419, "w_h4_o1": -0.5544766005338594, "w_h5_o1": 0.5570238676051494, "w_h6_o1": 0.07513268462138215, "w_h7_o1": -0.1741371355718794, "w_h8_o1": 0.11522468126864889}